{
    "Let Her Go (Instrumental).wav": {
        "spectral_centroid": 422.5771959912315,
        "spectral_bandwidth": 461.1375018217199,
        "spectral_contrast": 26.482327072256236,
        "spectral_flatness": 1.7053025658242404e-06,
        "rms_energy": 0.027554191648960114
    },
    "Let Her Go (Original).wav": {
        "spectral_centroid": 1827.5198293128553,
        "spectral_bandwidth": 2178.13527627372,
        "spectral_contrast": 20.93099946551622,
        "spectral_flatness": 0.012188157998025417,
        "rms_energy": 0.07090647518634796
    },
    "Let Her Go (Vocals).wav": {
        "spectral_centroid": 2007.746283175467,
        "spectral_bandwidth": 2010.9562237352022,
        "spectral_contrast": 23.46096562940796,
        "spectral_flatness": 0.15165455639362335,
        "rms_energy": 0.05114752799272537
    }
}