{
    "Stan(instrumental).wav": {
        "spectral_centroid": 2032.612059109107,
        "spectral_bandwidth": 2499.947767582922,
        "spectral_contrast": 22.46473610885305,
        "spectral_flatness": 0.007120023015886545,
        "rms_energy": 0.14471957087516785
    },
    "Stan(Original).wav": {
        "spectral_centroid": 2433.593283706401,
        "spectral_bandwidth": 2755.9737622493235,
        "spectral_contrast": 17.808674843388165,
        "spectral_flatness": 0.0187454205006361,
        "rms_energy": 0.1686604768037796
    },
    "Stan(vocals).wav": {
        "spectral_centroid": 3612.637799875073,
        "spectral_bandwidth": 2841.528718267508,
        "spectral_contrast": 25.05556443349722,
        "spectral_flatness": 0.04183996841311455,
        "rms_energy": 0.03315858170390129
    },
    "y2mate.com - Eminem  Stan Short Version ft Dido (1) [music].wav": {
        "spectral_centroid": 2032.612059109107,
        "spectral_bandwidth": 2499.947767582922,
        "spectral_contrast": 22.46473610885305,
        "spectral_flatness": 0.007120023015886545,
        "rms_energy": 0.14471957087516785
    },
    "y2mate.com - Eminem  Stan Short Version ft Dido (1) [vocals].wav": {
        "spectral_centroid": 3612.637799875073,
        "spectral_bandwidth": 2841.528718267508,
        "spectral_contrast": 25.05556443349722,
        "spectral_flatness": 0.04183996841311455,
        "rms_energy": 0.03315858170390129
    }
}